id,age
1,17.624626
2,63.54057
3,64.5982
4,20.02098
5,18.261444
6,21.923073
7,65.77147
8,27.004398
9,23.596228
10,73.05679
11,64.61434
12,66.36532
13,67.229294
14,58.69586
15,58.98819
16,64.34296
17,28.559143
18,70.82338
19,63.284344
20,30.020012
21,72.43691
22,19.675817
23,64.825874
24,32.84335
25,30.802631
26,57.912945
27,64.862144
28,29.716114
