id,age
1,24.319092
2,19.987402
3,15.165386
4,20.01656
5,17.523325
6,21.731585
7,53.00496
8,38.423084
9,55.70195
10,76.862175
11,72.16209
12,77.425644
13,74.33685
14,82.183975
15,14.519028
16,15.607735
17,19.34537
18,26.4023
19,17.624414
20,26.009016
21,45.741535
22,53.874546
23,55.77876
24,83.602036
25,50.0395
26,60.96131
27,62.00491
28,73.90424
